1,sequence3,1,No Press,3.3000000000000003,3.0,3.0,0.5,0.5,0.3,0.9,,,,,2.55180080017736,2025-08-30T23:16:06.466546
1,sequence3,0,Correct,3.0,3.0,3.0,0.5,0.5,0.3,1.0,"1.8723470999975689,2.7290118999953847,3.656921699999657","1.9689111999978195,2.8589321999970707,3.756862700000056",,,0.0,2025-08-30T23:28:09.062028
2,sequence3,2,Wrong Button,3.0,3.0,3.0,0.5,0.5,0.3,1.0,5.70151359999727,5.816067399995518,,,1.2442806798525505,2025-08-30T23:28:11.620818
3,sequence3,4,Premature Press,3.0,3.0,3.0,0.5,0.5,0.3,1.0,9.973003499995684,10.103724399996281,,,2.5640174139637453,2025-08-30T23:28:15.356295
4,sequence3,4,Premature Press,3.0,3.0,3.0,0.5,0.5,0.3,1.0,15.510646499998984,15.591159899995546,,,2.535618451554038,2025-08-30T23:28:20.960739
5,sequence3,0,Correct,3.0,3.0,3.0,0.5,0.5,0.3,1.0,"18.856946899999457,19.874710799995228,20.840713400000823","18.971154699996987,20.004355999997642,20.99037379999936",,,2.1241094916531447,2025-08-30T23:28:26.293595
6,sequence3,2,Wrong Button,3.0,3.0,3.0,0.5,0.5,0.3,1.0,22.950470899995707,23.08236659999966,,,1.2674803358524986,2025-08-30T23:28:29.018997
7,sequence3,1,No Press,3.0,3.0,3.0,0.5,0.5,0.3,1.0,,,,,2.3655046953785632,2025-08-30T23:28:34.402696
8,sequence3,0,Correct,3.0,3.0,3.0,0.5,0.5,0.3,1.0,"32.47439039999881,33.442568099999335,34.35289119999652","32.622402399996645,33.59059890000208,34.46719840000151",,,2.0809983122338305,2025-08-30T23:28:39.768336
9,sequence3,2,Wrong Button,3.0,3.0,3.0,0.5,0.5,0.3,1.0,37.353205499995966,37.48708659999829,,,1.7648707345625154,2025-08-30T23:28:43.555238
10,sequence3,1,No Press,3.0,3.0,3.0,0.5,0.5,0.3,1.0,,,,,2.640746508168016,2025-08-30T23:28:49.228987
11,sequence3,0,Correct,3.0,3.0,3.0,0.5,0.5,0.3,1.0,"47.23087729999679,48.216882100001385,49.053695399998105","47.36475000000064,48.3687723999974,49.23851789999753",,,2.8291250024064443,2025-08-30T23:28:54.545113
1,sequence3,0,Correct,3.0,3.0,3.0,0.5,0.5,0.3,1.0,"1.1993950000032783,2.1434885000053328,2.98413260000234","1.3162372000006144,2.243219100004353,3.0841325000001234",,,0.0,2025-08-31T00:13:37.183601
2,sequence3,0,Correct,3.0,3.0,3.0,0.5,0.5,0.3,1.0,"6.213019900002109,7.294092100004491,8.151303500002541","6.343152200002805,7.423051199999463,8.267080100005842",,,1.9693283542781297,2025-08-31T00:13:42.373922
3,sequence3,2,Wrong Button,3.0,3.0,3.0,0.5,0.5,0.3,1.0,10.610778500005836,10.742983200005256,,,1.7353860262721392,2025-08-31T00:13:45.294156
4,sequence3,2,Wrong Button,3.0,3.0,3.0,0.5,0.5,0.3,1.0,14.26153890000569,,,,2.3244202758428285,2025-08-31T00:13:48.102874
5,sequence3,0,Correct,3.0,3.0,3.0,0.5,0.5,0.3,1.0,"16.793202500004554,17.83642289999989,18.972572800004855","16.90873730000021,17.935961000002862,19.104343200000585",,,2.048097036586155,2025-08-31T00:13:53.197316
6,sequence3,0,Correct,3.0,3.0,3.0,0.5,0.5,0.3,1.0,"20.71608350000315,21.662534800001595,22.510407699999632","20.848411200000555,21.778742400005285,22.60850620000565",,,1.047627833315455,2025-08-31T00:13:56.711094
7,sequence3,0,Correct,3.0,3.0,3.0,0.5,0.5,0.3,1.0,"25.050622200004,25.887460900004953,26.729655100003583","25.182821700000204,26.0054764000015,26.825529800000368",,,1.867452744604776,2025-08-31T00:14:00.930094
8,sequence3,3,Hold Too Long,3.0,3.0,3.0,0.5,0.5,0.3,1.0,29.039657799999986,,,,1.4663581005731892,2025-08-31T00:14:03.844734
9,sequence3,4,Premature Press,3.0,3.0,3.0,0.5,0.5,0.3,1.0,"39.12652330000128,40.75750400000106","39.273151100001996,40.88782280000305",,,2.5527588909668024,2025-08-31T00:14:14.938624
10,sequence3,4,Premature Press,3.0,3.0,3.0,0.5,0.5,0.3,1.0,44.57738130000507,44.72202510000352,,,2.8648268174559113,2025-08-31T00:14:18.696665
11,sequence3,4,Premature Press,3.0,3.0,3.0,0.5,0.5,0.3,1.0,48.04997530000401,48.19535440000618,,,2.200637182688031,2025-08-31T00:14:22.084698
12,sequence3,4,Premature Press,3.0,3.0,3.0,0.5,0.5,0.3,1.0,50.958162700000685,51.13804570000502,,,2.125191063821233,2025-08-31T00:14:25.223608
13,sequence3,4,Premature Press,3.0,3.0,3.0,0.5,0.5,0.3,1.0,54.31186130000424,54.426861600004486,,,2.2162430590391824,2025-08-31T00:14:28.317787
14,sequence3,2,Wrong Button,3.0,3.0,3.0,0.5,0.5,0.3,1.0,,,,,2.7847012129432143,2025-08-31T00:14:31.394732
15,sequence3,2,Wrong Button,3.0,3.0,3.0,0.5,0.5,0.3,1.0,,,,,2.8754034293587503,2025-08-31T00:14:34.540902
16,sequence3,2,Wrong Button,3.0,3.0,3.0,0.5,0.5,0.3,1.0,63.554459099999804,,,,2.5408697741910715,2025-08-31T00:14:37.395921
17,sequence3,4,Premature Press,3.0,3.0,3.0,0.5,0.5,0.3,1.0,67.19246570000541,67.32602210000186,,,2.134556378415809,2025-08-31T00:14:41.385994
18,sequence3,2,Wrong Button,3.0,3.0,3.0,0.5,0.5,0.3,1.0,,,,,2.66296309598979,2025-08-31T00:14:44.507786
19,sequence3,2,Wrong Button,3.0,3.0,3.0,0.5,0.5,0.3,1.0,,,,,2.559973305843724,2025-08-31T00:14:47.295487
20,sequence3,2,Wrong Button,3.0,3.0,3.0,0.5,0.5,0.3,1.0,,,,,2.207853779682361,2025-08-31T00:14:49.584216
21,sequence3,2,Wrong Button,3.0,3.0,3.0,0.5,0.5,0.3,1.0,,,,,2.166640908072404,2025-08-31T00:14:51.924402
22,sequence3,2,Wrong Button,3.0,3.0,3.0,0.5,0.5,0.3,1.0,,,,,2.8647833288245366,2025-08-31T00:14:55.152459
23,sequence3,2,Wrong Button,3.0,3.0,3.0,0.5,0.5,0.3,1.0,,,,,2.139453722233528,2025-08-31T00:14:57.333611
24,sequence3,2,Wrong Button,3.0,3.0,3.0,0.5,0.5,0.3,1.0,,,,,2.3611255281778822,2025-08-31T00:14:59.961902
25,sequence3,2,Wrong Button,3.0,3.0,3.0,0.5,0.5,0.3,1.0,,,,,2.3611141540122764,2025-08-31T00:15:02.651979
26,sequence3,2,Wrong Button,3.0,3.0,3.0,0.5,0.5,0.3,1.0,,,,,2.3512940676362675,2025-08-31T00:15:28.923176
27,sequence3,2,Wrong Button,3.0,3.0,3.0,0.5,0.5,0.3,1.0,,,,,0.11206305670472545,2025-08-31T00:15:29.337953
28,sequence3,2,Wrong Button,3.0,3.0,3.0,0.5,0.5,0.3,1.0,,,,,0.1361674492696614,2025-08-31T00:15:29.652890
29,sequence3,2,Wrong Button,3.0,3.0,3.0,0.5,0.5,0.3,1.0,,,,,0.10027027591543232,2025-08-31T00:15:29.853893
30,sequence3,2,Wrong Button,3.0,3.0,3.0,0.5,0.5,0.3,1.0,,,,,0.11630319522076076,2025-08-31T00:15:30.020181
31,sequence3,4,Premature Press,3.0,3.0,3.0,0.5,0.5,0.3,1.0,"116.67419700000028,117.9025982000021","116.74176620000071,118.01727899999969",,,0.157643151186525,2025-08-31T00:15:32.110722
32,sequence3,4,Premature Press,3.0,3.0,3.0,0.5,0.5,0.3,1.0,118.51623250000557,118.61507540000457,,,0.13448551901959332,2025-08-31T00:15:32.440026
33,sequence3,2,Wrong Button,3.0,3.0,3.0,0.5,0.5,0.3,1.0,118.79322140000295,,,,0.12197912552623219,2025-08-31T00:15:32.687862
34,sequence3,2,Wrong Button,3.0,3.0,3.0,0.5,0.5,0.3,1.0,119.31038140000601,,,,0.19671728478706108,2025-08-31T00:15:33.253122
35,sequence3,2,Wrong Button,3.0,3.0,3.0,0.5,0.5,0.3,1.0,119.72333280000021,,,,0.14953519471665344,2025-08-31T00:15:33.631546
36,sequence3,4,Premature Press,3.0,3.0,3.0,0.5,0.5,0.3,1.0,120.05370340000081,120.13684930000454,,,0.1882317980536103,2025-08-31T00:15:33.946653
37,sequence3,2,Wrong Button,3.0,3.0,3.0,0.5,0.5,0.3,1.0,120.33587210000405,,,,0.10953725384348105,2025-08-31T00:15:34.211086
38,sequence3,4,Premature Press,3.0,3.0,3.0,0.5,0.5,0.3,1.0,120.84421580000344,120.9431756000049,,,0.17159412337365212,2025-08-31T00:15:34.785365
39,sequence3,4,Premature Press,3.0,3.0,3.0,0.5,0.5,0.3,1.0,121.45327910000196,121.53741370000353,,,0.15606060730979018,2025-08-31T00:15:35.347007
40,sequence3,4,Premature Press,3.0,3.0,3.0,0.5,0.5,0.3,1.0,121.80287660000613,121.90200250000635,,,0.16187659315940875,2025-08-31T00:15:35.711220
41,sequence3,2,Wrong Button,3.0,3.0,3.0,0.5,0.5,0.3,1.0,,,,,0.1238489605107751,2025-08-31T00:15:36.123505
42,sequence3,2,Wrong Button,3.0,3.0,3.0,0.5,0.5,0.3,1.0,,,,,0.11768536649841432,2025-08-31T00:15:36.321648
43,sequence3,2,Wrong Button,3.0,3.0,3.0,0.5,0.5,0.3,1.0,,,,,0.1914846658602194,2025-08-31T00:15:36.536202
44,sequence3,2,Wrong Button,3.0,3.0,3.0,0.5,0.5,0.3,1.0,,,,,0.17323744369951316,2025-08-31T00:15:36.732701
45,sequence3,2,Wrong Button,3.0,3.0,3.0,0.5,0.5,0.3,1.0,,,,,0.10982429436261268,2025-08-31T00:15:36.912357
46,sequence3,2,Wrong Button,3.0,3.0,3.0,0.5,0.5,0.3,1.0,,,,,0.13619124920538409,2025-08-31T00:15:37.291512
47,sequence3,2,Wrong Button,3.0,3.0,3.0,0.5,0.5,0.3,1.0,,,,,0.17513354459641373,2025-08-31T00:15:37.487260
48,sequence3,2,Wrong Button,3.0,3.0,3.0,0.5,0.5,0.3,1.0,,,,,0.11009835267670467,2025-08-31T00:15:37.653850
49,sequence3,2,Wrong Button,3.0,3.0,3.0,0.5,0.5,0.3,1.0,,,,,0.1323664920566794,2025-08-31T00:15:37.867972
50,sequence3,2,Wrong Button,3.0,3.0,3.0,0.5,0.5,0.3,1.0,124.50359550000576,,,,0.12692280246949533,2025-08-31T00:15:38.410357
51,sequence3,2,Wrong Button,3.0,3.0,3.0,0.5,0.5,0.3,1.0,124.84943620000558,,,,0.17751529497923632,2025-08-31T00:15:38.740807
52,sequence3,2,Wrong Button,3.0,3.0,3.0,0.5,0.5,0.3,1.0,125.17946870000014,,,,0.11600104699673658,2025-08-31T00:15:39.054318
53,sequence3,2,Wrong Button,3.0,3.0,3.0,0.5,0.5,0.3,1.0,125.50499340000533,,,,0.19778334703581885,2025-08-31T00:15:39.396761
54,sequence3,2,Wrong Button,3.0,3.0,3.0,0.5,0.5,0.3,1.0,125.85052870000072,,,,0.111529574667185,2025-08-31T00:15:39.741188
55,sequence3,2,Wrong Button,3.0,3.0,3.0,0.5,0.5,0.3,1.0,126.17455790000531,,,,0.17653125527500305,2025-08-31T00:15:40.064072
56,sequence3,4,Premature Press,3.0,3.0,3.0,0.5,0.5,0.3,1.0,126.76040550000471,126.8754487000042,,,0.1965286690656315,2025-08-31T00:15:40.815191
57,sequence3,0,Correct,3.0,3.0,3.0,0.5,0.5,0.3,1.0,"127.57603709999967,128.24821499999962,128.96843480000098","127.67371149999963,128.3632937000002,129.06574000000546",,,0.12411413276820525,2025-08-31T00:15:43.170261
58,sequence3,0,Correct,3.0,3.0,3.0,0.5,0.5,0.3,1.0,"129.8345999000012,130.53584960000444,131.2180881000022","129.96380210000643,130.65080790000502,131.3323107000033",,,0.11565146468736671,2025-08-31T00:15:45.431096
59,sequence3,2,Wrong Button,3.0,3.0,3.0,0.5,0.5,0.3,1.0,,,,,0.17856780769073022,2025-08-31T00:15:45.937642
60,sequence3,2,Wrong Button,3.0,3.0,3.0,0.5,0.5,0.3,1.0,,,,,0.1322644394063757,2025-08-31T00:15:46.117945
61,sequence3,2,Wrong Button,3.0,3.0,3.0,0.5,0.5,0.3,1.0,,,,,0.17579708827308696,2025-08-31T00:15:46.507763
62,sequence3,2,Wrong Button,3.0,3.0,3.0,0.5,0.5,0.3,1.0,,,,,0.14405852469989636,2025-08-31T00:15:46.817692
63,sequence3,4,Premature Press,3.0,3.0,3.0,0.5,0.5,0.3,1.0,133.18962530000135,133.22191910000402,,,0.1291737158056823,2025-08-31T00:15:47.031823
64,sequence3,4,Premature Press,3.0,3.0,3.0,0.5,0.5,0.3,1.0,133.61405700000614,133.77511690000392,,,0.12404009335153386,2025-08-31T00:15:47.567986
65,sequence3,4,Premature Press,3.0,3.0,3.0,0.5,0.5,0.3,1.0,133.95303460000287,134.06803890000447,,,0.12002282429241835,2025-08-31T00:15:47.960451
66,sequence3,2,Wrong Button,3.0,3.0,3.0,0.5,0.5,0.3,1.0,,,,,0.13660934871632333,2025-08-31T00:15:48.219438
67,sequence3,2,Wrong Button,3.0,3.0,3.0,0.5,0.5,0.3,1.0,,,,,0.19184871787806296,2025-08-31T00:15:48.513342
1,sequence3,2,Wrong Button,3.0,3.0,3.0,0.5,0.5,0.3,1.0,,,,,0.0,2025-08-31T00:18:03.214160
2,sequence3,2,Wrong Button,3.0,3.0,3.0,0.5,0.5,0.3,1.0,,,,,0.11773029931670749,2025-08-31T00:18:03.363372
3,sequence3,4,Premature Press,3.0,3.0,3.0,0.5,0.5,0.3,1.0,1.6105688000025111,1.6916845000014291,,,0.12723478707012034,2025-08-31T00:18:03.707559
4,sequence3,4,Premature Press,3.0,3.0,3.0,0.5,0.5,0.3,1.0,1.94133100000181,2.007573000002594,,,0.10938469288253262,2025-08-31T00:18:03.974920
5,sequence3,2,Wrong Button,3.0,3.0,3.0,0.5,0.5,0.3,1.0,,,,,0.1728209298859898,2025-08-31T00:18:04.189667
6,sequence3,2,Wrong Button,3.0,3.0,3.0,0.5,0.5,0.3,1.0,,,,,0.18070869842426548,2025-08-31T00:18:04.505086
7,sequence3,2,Wrong Button,3.0,3.0,3.0,0.5,0.5,0.3,1.0,,,,,0.19799688707516128,2025-08-31T00:18:04.819404
8,sequence3,2,Wrong Button,3.0,3.0,3.0,0.5,0.5,0.3,1.0,,,,,0.1911967179734454,2025-08-31T00:18:05.133418
9,sequence3,2,Wrong Button,3.0,3.0,3.0,0.5,0.5,0.3,1.0,,,,,0.17312963109051055,2025-08-31T00:18:05.397103
10,sequence3,2,Wrong Button,3.0,3.0,3.0,0.5,0.5,0.3,1.0,,,,,0.13571807736688182,2025-08-31T00:18:05.594849
11,sequence3,2,Wrong Button,3.0,3.0,3.0,0.5,0.5,0.3,1.0,,,,,0.11905643354870611,2025-08-31T00:18:05.743078
12,sequence3,2,Wrong Button,3.0,3.0,3.0,0.5,0.5,0.3,1.0,,,,,0.1513407858063694,2025-08-31T00:18:05.925938
13,sequence3,2,Wrong Button,3.0,3.0,3.0,0.5,0.5,0.3,1.0,,,,,0.10190347531229872,2025-08-31T00:18:06.243568
14,sequence3,2,Wrong Button,3.0,3.0,3.0,0.5,0.5,0.3,1.0,,,,,0.15272814901447895,2025-08-31T00:18:06.439692
15,sequence3,2,Wrong Button,3.0,3.0,3.0,0.5,0.5,0.3,1.0,,,,,0.1520415843754284,2025-08-31T00:18:06.754470
16,sequence3,2,Wrong Button,3.0,3.0,3.0,0.5,0.5,0.3,1.0,,,,,0.13681615301359262,2025-08-31T00:18:06.954561
17,sequence3,2,Wrong Button,3.0,3.0,3.0,0.5,0.5,0.3,1.0,,,,,0.18054098116868297,2025-08-31T00:18:07.296820
18,sequence3,2,Wrong Button,3.0,3.0,3.0,0.5,0.5,0.3,1.0,,,,,0.16132789720862642,2025-08-31T00:18:07.490765
19,sequence3,2,Wrong Button,3.0,3.0,3.0,0.5,0.5,0.3,1.0,,,,,0.10734795179310358,2025-08-31T00:18:07.673465
20,sequence3,2,Wrong Button,3.0,3.0,3.0,0.5,0.5,0.3,1.0,,,,,0.1862875422597449,2025-08-31T00:18:08.040228
21,sequence3,2,Wrong Button,3.0,3.0,3.0,0.5,0.5,0.3,1.0,,,,,0.15996166525911623,2025-08-31T00:18:08.383447
22,sequence3,2,Wrong Button,3.0,3.0,3.0,0.5,0.5,0.3,1.0,,,,,0.19425724465979405,2025-08-31T00:18:08.761102
23,sequence3,2,Wrong Button,3.0,3.0,3.0,0.5,0.5,0.3,1.0,,,,,0.11208720623881308,2025-08-31T00:18:08.908417
24,sequence3,2,Wrong Button,3.0,3.0,3.0,0.5,0.5,0.3,1.0,,,,,0.1948498576701902,2025-08-31T00:18:09.307738
25,sequence3,2,Wrong Button,3.0,3.0,3.0,0.5,0.5,0.3,1.0,,,,,0.19824583545111946,2025-08-31T00:18:09.656111
26,sequence3,2,Wrong Button,3.0,3.0,3.0,0.5,0.5,0.3,1.0,,,,,0.1444950577060386,2025-08-31T00:18:09.855790
27,sequence3,2,Wrong Button,3.0,3.0,3.0,0.5,0.5,0.3,1.0,,,,,0.19575067913847435,2025-08-31T00:18:10.215540
28,sequence3,2,Wrong Button,3.0,3.0,3.0,0.5,0.5,0.3,1.0,,,,,0.12873615130943583,2025-08-31T00:18:10.396174
29,sequence3,2,Wrong Button,3.0,3.0,3.0,0.5,0.5,0.3,1.0,,,,,0.1427250702062,2025-08-31T00:18:10.574593
30,sequence3,2,Wrong Button,3.0,3.0,3.0,0.5,0.5,0.3,1.0,,,,,0.15006337568903433,2025-08-31T00:18:11.048885
31,sequence3,2,Wrong Button,3.0,3.0,3.0,0.5,0.5,0.3,1.0,,,,,0.15495905906836074,2025-08-31T00:18:11.375855
32,sequence3,2,Wrong Button,3.0,3.0,3.0,0.5,0.5,0.3,1.0,,,,,0.1169520358346543,2025-08-31T00:18:11.736808
33,sequence3,2,Wrong Button,3.0,3.0,3.0,0.5,0.5,0.3,1.0,,,,,0.12684252847832964,2025-08-31T00:18:12.051997
34,sequence3,2,Wrong Button,3.0,3.0,3.0,0.5,0.5,0.3,1.0,,,,,0.15364430764737613,2025-08-31T00:18:12.268305
35,sequence3,2,Wrong Button,3.0,3.0,3.0,0.5,0.5,0.3,1.0,,,,,0.1706677804926559,2025-08-31T00:18:12.463520
36,sequence3,2,Wrong Button,3.0,3.0,3.0,0.5,0.5,0.3,1.0,,,,,0.16529821672755907,2025-08-31T00:18:12.922592
37,sequence3,2,Wrong Button,3.0,3.0,3.0,0.5,0.5,0.3,1.0,,,,,0.17859264320149815,2025-08-31T00:18:13.118721
38,sequence3,2,Wrong Button,3.0,3.0,3.0,0.5,0.5,0.3,1.0,,,,,0.16919602698612807,2025-08-31T00:18:13.527066
39,sequence3,2,Wrong Button,3.0,3.0,3.0,0.5,0.5,0.3,1.0,,,,,0.13166145199002596,2025-08-31T00:18:13.708553
40,sequence3,2,Wrong Button,3.0,3.0,3.0,0.5,0.5,0.3,1.0,,,,,0.1827593638855243,2025-08-31T00:18:13.940366
41,sequence3,2,Wrong Button,3.0,3.0,3.0,0.5,0.5,0.3,1.0,,,,,0.12308856671753456,2025-08-31T00:18:14.166448
42,sequence3,2,Wrong Button,3.0,3.0,3.0,0.5,0.5,0.3,1.0,,,,,0.19677236388754926,2025-08-31T00:18:14.589358
43,sequence3,2,Wrong Button,3.0,3.0,3.0,0.5,0.5,0.3,1.0,,,,,0.19551079155870743,2025-08-31T00:18:14.916424
44,sequence3,2,Wrong Button,3.0,3.0,3.0,0.5,0.5,0.3,1.0,,,,,0.19917867704555267,2025-08-31T00:18:15.338868
45,sequence3,2,Wrong Button,3.0,3.0,3.0,0.5,0.5,0.3,1.0,,,,,0.1809088628967917,2025-08-31T00:18:15.735661
46,sequence3,2,Wrong Button,3.0,3.0,3.0,0.5,0.5,0.3,1.0,,,,,0.17605132531621837,2025-08-31T00:18:16.109916
47,sequence3,2,Wrong Button,3.0,3.0,3.0,0.5,0.5,0.3,1.0,,,,,0.19584099258674684,2025-08-31T00:18:16.501302
48,sequence3,2,Wrong Button,3.0,3.0,3.0,0.5,0.5,0.3,1.0,,,,,0.18253507506083938,2025-08-31T00:18:16.878245
49,sequence3,2,Wrong Button,3.0,3.0,3.0,0.5,0.5,0.3,1.0,,,,,0.18470513805753755,2025-08-31T00:18:17.266952
50,sequence3,2,Wrong Button,3.0,3.0,3.0,0.5,0.5,0.3,1.0,,,,,0.11654490216411939,2025-08-31T00:18:17.660603
51,sequence3,2,Wrong Button,3.0,3.0,3.0,0.5,0.5,0.3,1.0,,,,,0.10666018360466452,2025-08-31T00:18:18.049408
52,sequence3,2,Wrong Button,3.0,3.0,3.0,0.5,0.5,0.3,1.0,,,,,0.16457705062233047,2025-08-31T00:18:18.717963
53,sequence3,2,Wrong Button,3.0,3.0,3.0,0.5,0.5,0.3,1.0,,,,,0.13049569197000868,2025-08-31T00:18:18.913186
54,sequence3,2,Wrong Button,3.0,3.0,3.0,0.5,0.5,0.3,1.0,,,,,0.17736285794971496,2025-08-31T00:18:19.189142
55,sequence3,2,Wrong Button,3.0,3.0,3.0,0.5,0.5,0.3,1.0,,,,,0.1647245686091246,2025-08-31T00:18:19.449018
56,sequence3,2,Wrong Button,3.0,3.0,3.0,0.5,0.5,0.3,1.0,,,,,0.10335611766086401,2025-08-31T00:18:19.807962
57,sequence3,2,Wrong Button,3.0,3.0,3.0,0.5,0.5,0.3,1.0,,,,,0.12221512025894206,2025-08-31T00:18:20.021207
58,sequence3,2,Wrong Button,3.0,3.0,3.0,0.5,0.5,0.3,1.0,,,,,0.1828929452975013,2025-08-31T00:18:20.250436
59,sequence3,2,Wrong Button,3.0,3.0,3.0,0.5,0.5,0.3,1.0,,,,,0.170621088654623,2025-08-31T00:18:20.446723
1,sequence3,2,Wrong Button,3.0,3.0,3.0,0.5,0.5,0.3,1.0,,,,,0.0,2025-08-31T00:20:03.851309
2,sequence3,2,Wrong Button,3.0,3.0,3.0,0.5,0.5,0.3,1.0,,,,,0.17093932119869348,2025-08-31T00:20:04.048693
3,sequence3,2,Wrong Button,3.0,3.0,3.0,0.5,0.5,0.3,1.0,,,,,0.1859570586558483,2025-08-31T00:20:04.377304
4,sequence3,2,Wrong Button,3.0,3.0,3.0,0.5,0.5,0.3,1.0,,,,,0.14393558620202693,2025-08-31T00:20:04.692860
5,sequence3,2,Wrong Button,3.0,3.0,3.0,0.5,0.5,0.3,1.0,,,,,0.1384333917743334,2025-08-31T00:20:04.854934
6,sequence3,2,Wrong Button,3.0,3.0,3.0,0.5,0.5,0.3,1.0,,,,,0.1785684436958411,2025-08-31T00:20:05.185544
7,sequence3,2,Wrong Button,3.0,3.0,3.0,0.5,0.5,0.3,1.0,,,,,0.1319991335770746,2025-08-31T00:20:05.362934
8,sequence3,2,Wrong Button,3.0,3.0,3.0,0.5,0.5,0.3,1.0,,,,,0.1527940125499277,2025-08-31T00:20:05.678698
9,sequence3,2,Wrong Button,3.0,3.0,3.0,0.5,0.5,0.3,1.0,,,,,0.15386973658196224,2025-08-31T00:20:06.005061
10,sequence3,2,Wrong Button,3.0,3.0,3.0,0.5,0.5,0.3,1.0,,,,,0.18490676681647433,2025-08-31T00:20:06.347000
11,sequence3,2,Wrong Button,3.0,3.0,3.0,0.5,0.5,0.3,1.0,,,,,0.1501845431967061,2025-08-31T00:20:06.524375
12,sequence3,2,Wrong Button,3.0,3.0,3.0,0.5,0.5,0.3,1.0,,,,,0.19391547164865716,2025-08-31T00:20:06.872025
13,sequence3,2,Wrong Button,3.0,3.0,3.0,0.5,0.5,0.3,1.0,,,,,0.13596471913219849,2025-08-31T00:20:07.052059
14,sequence3,2,Wrong Button,3.0,3.0,3.0,0.5,0.5,0.3,1.0,,,,,0.16689075910176487,2025-08-31T00:20:07.394857
15,sequence3,2,Wrong Button,3.0,3.0,3.0,0.5,0.5,0.3,1.0,,,,,0.1993652249681031,2025-08-31T00:20:07.755873
16,sequence3,2,Wrong Button,3.0,3.0,3.0,0.5,0.5,0.3,1.0,,,,,0.15807775802276802,2025-08-31T00:20:08.085999
17,sequence3,2,Wrong Button,3.0,3.0,3.0,0.5,0.5,0.3,1.0,,,,,0.12031356742224765,2025-08-31T00:20:08.266738
18,sequence3,2,Wrong Button,3.0,3.0,3.0,0.5,0.5,0.3,1.0,,,,,0.16639849950213892,2025-08-31T00:20:08.463592
19,sequence3,2,Wrong Button,3.0,3.0,3.0,0.5,0.5,0.3,1.0,,,,,0.1365796681694853,2025-08-31T00:20:08.627221
20,sequence3,2,Wrong Button,3.0,3.0,3.0,0.5,0.5,0.3,1.0,,,,,0.10803499898850566,2025-08-31T00:20:08.807881
21,sequence3,2,Wrong Button,3.0,3.0,3.0,0.5,0.5,0.3,1.0,,,,,0.19851104776686648,2025-08-31T00:20:09.153363
22,sequence3,2,Wrong Button,3.0,3.0,3.0,0.5,0.5,0.3,1.0,,,,,0.12591784166463327,2025-08-31T00:20:09.353596
23,sequence3,2,Wrong Button,3.0,3.0,3.0,0.5,0.5,0.3,1.0,,,,,0.13300300048064528,2025-08-31T00:20:09.516525
24,sequence3,2,Wrong Button,3.0,3.0,3.0,0.5,0.5,0.3,1.0,,,,,0.13964582625395078,2025-08-31T00:20:09.694872
25,sequence3,2,Wrong Button,3.0,3.0,3.0,0.5,0.5,0.3,1.0,,,,,0.1660204218648427,2025-08-31T00:20:09.891946
26,sequence3,2,Wrong Button,3.0,3.0,3.0,0.5,0.5,0.3,1.0,,,,,0.1282661294896964,2025-08-31T00:20:10.056367
27,sequence3,2,Wrong Button,3.0,3.0,3.0,0.5,0.5,0.3,1.0,,,,,0.10856716871507505,2025-08-31T00:20:10.223046
28,sequence3,2,Wrong Button,3.0,3.0,3.0,0.5,0.5,0.3,1.0,,,,,0.19615631475955758,2025-08-31T00:20:10.600973
29,sequence3,2,Wrong Button,3.0,3.0,3.0,0.5,0.5,0.3,1.0,,,,,0.1614637437550617,2025-08-31T00:20:10.784333
30,sequence3,2,Wrong Button,3.0,3.0,3.0,0.5,0.5,0.3,1.0,,,,,0.1632037236000266,2025-08-31T00:20:11.132700
31,sequence3,2,Wrong Button,3.0,3.0,3.0,0.5,0.5,0.3,1.0,,,,,0.12165839222897369,2025-08-31T00:20:11.318033
32,sequence3,2,Wrong Button,3.0,3.0,3.0,0.5,0.5,0.3,1.0,,,,,0.11325742737442798,2025-08-31T00:20:11.483161
33,sequence3,2,Wrong Button,3.0,3.0,3.0,0.5,0.5,0.3,1.0,,,,,0.11474130340576229,2025-08-31T00:20:11.661916
34,sequence3,2,Wrong Button,3.0,3.0,3.0,0.5,0.5,0.3,1.0,,,,,0.1906110381585286,2025-08-31T00:20:12.006940
35,sequence3,2,Wrong Button,3.0,3.0,3.0,0.5,0.5,0.3,1.0,,,,,0.18118044363907354,2025-08-31T00:20:12.364782
36,sequence3,2,Wrong Button,3.0,3.0,3.0,0.5,0.5,0.3,1.0,,,,,0.10423036288304402,2025-08-31T00:20:12.547903
37,sequence3,2,Wrong Button,3.0,3.0,3.0,0.5,0.5,0.3,1.0,,,,,0.1362757985633683,2025-08-31T00:20:12.730959
38,sequence3,2,Wrong Button,3.0,3.0,3.0,0.5,0.5,0.3,1.0,,,,,0.19424503016124384,2025-08-31T00:20:13.090803
39,sequence3,2,Wrong Button,3.0,3.0,3.0,0.5,0.5,0.3,1.0,,,,,0.14382894661504594,2025-08-31T00:20:13.287629
40,sequence3,2,Wrong Button,3.0,3.0,3.0,0.5,0.5,0.3,1.0,,,,,0.1145058612313548,2025-08-31T00:20:13.469531
41,sequence3,2,Wrong Button,3.0,3.0,3.0,0.5,0.5,0.3,1.0,,,,,0.1284089317942409,2025-08-31T00:20:13.665741
42,sequence3,2,Wrong Button,3.0,3.0,3.0,0.5,0.5,0.3,1.0,,,,,0.1610081979076013,2025-08-31T00:20:13.849581
43,sequence3,2,Wrong Button,3.0,3.0,3.0,0.5,0.5,0.3,1.0,,,,,0.14587580852160656,2025-08-31T00:20:14.048280
44,sequence3,2,Wrong Button,3.0,3.0,3.0,0.5,0.5,0.3,1.0,,,,,0.14981362637341916,2025-08-31T00:20:14.228795
45,sequence3,2,Wrong Button,3.0,3.0,3.0,0.5,0.5,0.3,1.0,,,,,0.1601940110418437,2025-08-31T00:20:14.578983
46,sequence3,2,Wrong Button,3.0,3.0,3.0,0.5,0.5,0.3,1.0,,,,,0.10629134076675144,2025-08-31T00:20:14.760648
47,sequence3,2,Wrong Button,3.0,3.0,3.0,0.5,0.5,0.3,1.0,,,,,0.17578221673958017,2025-08-31T00:20:15.142091
48,sequence3,2,Wrong Button,3.0,3.0,3.0,0.5,0.5,0.3,1.0,,,,,0.16032858306281492,2025-08-31T00:20:15.321729
49,sequence3,2,Wrong Button,3.0,3.0,3.0,0.5,0.5,0.3,1.0,,,,,0.14337893890751494,2025-08-31T00:20:15.503219
50,sequence3,2,Wrong Button,3.0,3.0,3.0,0.5,0.5,0.3,1.0,,,,,0.19741768117479813,2025-08-31T00:20:15.899851
51,sequence3,2,Wrong Button,3.0,3.0,3.0,0.5,0.5,0.3,1.0,,,,,0.10336642431577568,2025-08-31T00:20:16.097689
52,sequence3,2,Wrong Button,3.0,3.0,3.0,0.5,0.5,0.3,1.0,,,,,0.11530878634049314,2025-08-31T00:20:16.293198
53,sequence3,2,Wrong Button,3.0,3.0,3.0,0.5,0.5,0.3,1.0,,,,,0.17792499336909637,2025-08-31T00:20:16.642874
54,sequence3,2,Wrong Button,3.0,3.0,3.0,0.5,0.5,0.3,1.0,,,,,0.11891426264903815,2025-08-31T00:20:16.840834
55,sequence3,2,Wrong Button,3.0,3.0,3.0,0.5,0.5,0.3,1.0,,,,,0.14315188137970508,2025-08-31T00:20:17.054671
56,sequence3,2,Wrong Button,3.0,3.0,3.0,0.5,0.5,0.3,1.0,,,,,0.1340563180461792,2025-08-31T00:20:17.253584
57,sequence3,2,Wrong Button,3.0,3.0,3.0,0.5,0.5,0.3,1.0,,,,,0.1754031558634328,2025-08-31T00:20:17.634651
58,sequence3,2,Wrong Button,3.0,3.0,3.0,0.5,0.5,0.3,1.0,,,,,0.18155899164553158,2025-08-31T00:20:18.015141
59,sequence3,2,Wrong Button,3.0,3.0,3.0,0.5,0.5,0.3,1.0,,,,,0.19845212493596326,2025-08-31T00:20:18.410872
60,sequence3,2,Wrong Button,3.0,3.0,3.0,0.5,0.5,0.3,1.0,,,,,0.16245021953501604,2025-08-31T00:20:18.758764
61,sequence3,2,Wrong Button,3.0,3.0,3.0,0.5,0.5,0.3,1.0,,,,,0.1185856867866444,2025-08-31T00:20:18.942903
62,sequence3,2,Wrong Button,3.0,3.0,3.0,0.5,0.5,0.3,1.0,,,,,0.13935585842893694,2025-08-31T00:20:19.108436
63,sequence3,2,Wrong Button,3.0,3.0,3.0,0.5,0.5,0.3,1.0,,,,,0.10221245923089486,2025-08-31T00:20:19.291724
64,sequence3,2,Wrong Button,3.0,3.0,3.0,0.5,0.5,0.3,1.0,,,,,0.15899303067816112,2025-08-31T00:20:19.506775
65,sequence3,2,Wrong Button,3.0,3.0,3.0,0.5,0.5,0.3,1.0,,,,,0.19632393768800316,2025-08-31T00:20:19.902312
66,sequence3,2,Wrong Button,3.0,3.0,3.0,0.5,0.5,0.3,1.0,,,,,0.184156964733085,2025-08-31T00:20:20.117132
67,sequence3,2,Wrong Button,3.0,3.0,3.0,0.5,0.5,0.3,1.0,,,,,0.1546660323064291,2025-08-31T00:20:20.297825
68,sequence3,2,Wrong Button,3.0,3.0,3.0,0.5,0.5,0.3,1.0,,,,,0.18987433744684978,2025-08-31T00:20:20.526796
69,sequence3,2,Wrong Button,3.0,3.0,3.0,0.5,0.5,0.3,1.0,,,,,0.16246191469441995,2025-08-31T00:20:20.711799
70,sequence3,2,Wrong Button,3.0,3.0,3.0,0.5,0.5,0.3,1.0,,,,,0.16176674908689573,2025-08-31T00:20:20.891330
71,sequence3,2,Wrong Button,3.0,3.0,3.0,0.5,0.5,0.3,1.0,,,,,0.15179408331900163,2025-08-31T00:20:21.254768
72,sequence3,4,Premature Press,3.0,3.0,3.0,0.5,0.5,0.3,1.0,18.888788800002658,19.021258799999487,,,0.1697174893250028,2025-08-31T00:20:22.404290
73,sequence3,0,Correct,3.0,3.0,3.0,0.5,0.5,0.3,1.0,"20.93698580000637,21.769840400003886,22.630800300001283","21.06889030000457,21.884692700004962,22.745103600005677",,,0.12448720747500046,2025-08-31T00:20:26.032071
74,sequence3,1,No Press,3.0,3.0,3.0,0.5,0.5,0.3,1.0,,,,,0.1591060033692626,2025-08-31T00:20:29.204898
75,sequence3,1,No Press,3.0,3.0,3.0,0.5,0.5,0.3,1.0,,,,,0.15898055643996534,2025-08-31T00:20:32.381939
76,sequence3,1,No Press,3.0,3.0,3.0,0.5,0.5,0.3,1.0,,,,,0.16249823199777141,2025-08-31T00:20:35.565268
77,sequence3,1,No Press,3.0,3.0,3.0,0.5,0.5,0.3,1.0,,,,,0.1843611291029977,2025-08-31T00:20:38.771011
1,sequence3,2,Wrong Button,3.0,3.0,3.0,0.5,0.5,0.3,1.0,,,,,0.0,2025-08-31T00:22:51.344968
2,sequence3,2,Wrong Button,3.0,3.0,3.0,0.5,0.5,0.3,1.0,,,,,0.12874156500192596,2025-08-31T00:22:51.524023
3,sequence3,2,Wrong Button,3.0,3.0,3.0,0.5,0.5,0.3,1.0,,,,,0.1959862158565052,2025-08-31T00:22:51.869660
4,sequence3,2,Wrong Button,3.0,3.0,3.0,0.5,0.5,0.3,1.0,,,,,0.15119394537423037,2025-08-31T00:22:52.209966
5,sequence3,2,Wrong Button,3.0,3.0,3.0,0.5,0.5,0.3,1.0,,,,,0.19866672175591496,2025-08-31T00:22:52.589853
6,sequence3,2,Wrong Button,3.0,3.0,3.0,0.5,0.5,0.3,1.0,,,,,0.1982832264474555,2025-08-31T00:22:52.918383
7,sequence3,0,Correct,3.0,3.0,3.0,0.5,0.5,0.3,1.0,"2.995611199999985,3.9977330999972764,4.862822700000834","3.1267138000039267,4.112558400003763,4.942948800002341",,,0.164698701742356,2025-08-31T00:22:55.447354
8,sequence3,2,Wrong Button,3.0,3.0,3.0,0.5,0.5,0.3,1.0,,,,,0.19215213053428368,2025-08-31T00:22:55.809942
9,sequence3,2,Wrong Button,3.0,3.0,3.0,0.5,0.5,0.3,1.0,,,,,0.14128478017533197,2025-08-31T00:22:56.004541
10,sequence3,2,Wrong Button,3.0,3.0,3.0,0.5,0.5,0.3,1.0,,,,,0.12006156278896513,2025-08-31T00:22:56.182899
11,sequence3,2,Wrong Button,3.0,3.0,3.0,0.5,0.5,0.3,1.0,,,,,0.13594111524854383,2025-08-31T00:22:56.379343
12,sequence3,2,Wrong Button,3.0,3.0,3.0,0.5,0.5,0.3,1.0,,,,,0.16967798078395135,2025-08-31T00:22:56.754249
13,sequence3,2,Wrong Button,3.0,3.0,3.0,0.5,0.5,0.3,1.0,,,,,0.10323934795834333,2025-08-31T00:22:56.939251
14,sequence3,2,Wrong Button,3.0,3.0,3.0,0.5,0.5,0.3,1.0,,,,,0.10282096878921182,2025-08-31T00:22:57.120638
15,sequence3,2,Wrong Button,3.0,3.0,3.0,0.5,0.5,0.3,1.0,,,,,0.18205662494212954,2025-08-31T00:22:57.504503
16,sequence3,2,Wrong Button,3.0,3.0,3.0,0.5,0.5,0.3,1.0,,,,,0.10207301533288564,2025-08-31T00:22:57.703083
17,sequence3,2,Wrong Button,3.0,3.0,3.0,0.5,0.5,0.3,1.0,,,,,0.1855170247150713,2025-08-31T00:22:58.066012
18,sequence3,2,Wrong Button,3.0,3.0,3.0,0.5,0.5,0.3,1.0,,,,,0.18070965079070733,2025-08-31T00:22:58.455069
19,sequence3,2,Wrong Button,3.0,3.0,3.0,0.5,0.5,0.3,1.0,,,,,0.158585309007569,2025-08-31T00:22:58.632481
20,sequence3,2,Wrong Button,3.0,3.0,3.0,0.5,0.5,0.3,1.0,,,,,0.19014597133527286,2025-08-31T00:22:59.029066
21,sequence3,2,Wrong Button,3.0,3.0,3.0,0.5,0.5,0.3,1.0,,,,,0.16832760309256223,2025-08-31T00:22:59.424403
22,sequence3,2,Wrong Button,3.0,3.0,3.0,0.5,0.5,0.3,1.0,,,,,0.1296742355346629,2025-08-31T00:22:59.605069
23,sequence3,2,Wrong Button,3.0,3.0,3.0,0.5,0.5,0.3,1.0,,,,,0.12497575893404056,2025-08-31T00:22:59.787622
24,sequence3,2,Wrong Button,3.0,3.0,3.0,0.5,0.5,0.3,1.0,,,,,0.10021341330012776,2025-08-31T00:22:59.971658
25,sequence3,2,Wrong Button,3.0,3.0,3.0,0.5,0.5,0.3,1.0,,,,,0.10837748835467621,2025-08-31T00:23:00.171010
26,sequence3,2,Wrong Button,3.0,3.0,3.0,0.5,0.5,0.3,1.0,,,,,0.1769130942877987,2025-08-31T00:23:00.565181
27,sequence3,2,Wrong Button,3.0,3.0,3.0,0.5,0.5,0.3,1.0,,,,,0.10925147832102489,2025-08-31T00:23:00.779375
28,sequence3,2,Wrong Button,3.0,3.0,3.0,0.5,0.5,0.3,1.0,,,,,0.14594224441372772,2025-08-31T00:23:00.976095
29,sequence3,2,Wrong Button,3.0,3.0,3.0,0.5,0.5,0.3,1.0,,,,,0.18353732417668359,2025-08-31T00:23:01.367300
30,sequence3,2,Wrong Button,3.0,3.0,3.0,0.5,0.5,0.3,1.0,,,,,0.13713066353309902,2025-08-31T00:23:01.564420
31,sequence3,2,Wrong Button,3.0,3.0,3.0,0.5,0.5,0.3,1.0,,,,,0.14715459674032152,2025-08-31T00:23:01.757646
32,sequence3,2,Wrong Button,3.0,3.0,3.0,0.5,0.5,0.3,1.0,,,,,0.19706024045565504,2025-08-31T00:23:01.972500
33,sequence3,2,Wrong Button,3.0,3.0,3.0,0.5,0.5,0.3,1.0,,,,,0.18461509444712373,2025-08-31T00:23:02.361262
34,sequence3,2,Wrong Button,3.0,3.0,3.0,0.5,0.5,0.3,1.0,,,,,0.16849062298608536,2025-08-31T00:23:02.557275
35,sequence3,2,Wrong Button,3.0,3.0,3.0,0.5,0.5,0.3,1.0,,,,,0.11703687993927148,2025-08-31T00:23:02.755418
36,sequence3,2,Wrong Button,3.0,3.0,3.0,0.5,0.5,0.3,1.0,,,,,0.19143188477614348,2025-08-31T00:23:03.134458
37,sequence3,2,Wrong Button,3.0,3.0,3.0,0.5,0.5,0.3,1.0,,,,,0.19545751514411805,2025-08-31T00:23:03.511643
38,sequence3,2,Wrong Button,3.0,3.0,3.0,0.5,0.5,0.3,1.0,,,,,0.18997928903561245,2025-08-31T00:23:03.725279
39,sequence3,2,Wrong Button,3.0,3.0,3.0,0.5,0.5,0.3,1.0,,,,,0.1066039728890774,2025-08-31T00:23:03.925449
40,sequence3,2,Wrong Button,3.0,3.0,3.0,0.5,0.5,0.3,1.0,,,,,0.18325476999926918,2025-08-31T00:23:04.304203
41,sequence3,2,Wrong Button,3.0,3.0,3.0,0.5,0.5,0.3,1.0,,,,,0.16421349523930273,2025-08-31T00:23:04.515848
42,sequence3,2,Wrong Button,3.0,3.0,3.0,0.5,0.5,0.3,1.0,,,,,0.1021139353287262,2025-08-31T00:23:04.697349
43,sequence3,2,Wrong Button,3.0,3.0,3.0,0.5,0.5,0.3,1.0,,,,,0.1204331268770683,2025-08-31T00:23:04.898481
44,sequence3,2,Wrong Button,3.0,3.0,3.0,0.5,0.5,0.3,1.0,,,,,0.1536605516868735,2025-08-31T00:23:05.113627
45,sequence3,2,Wrong Button,3.0,3.0,3.0,0.5,0.5,0.3,1.0,,,,,0.1939665703112204,2025-08-31T00:23:05.491606
46,sequence3,2,Wrong Button,3.0,3.0,3.0,0.5,0.5,0.3,1.0,,,,,0.1372170082642164,2025-08-31T00:23:05.687242
47,sequence3,2,Wrong Button,3.0,3.0,3.0,0.5,0.5,0.3,1.0,,,,,0.11638405473320909,2025-08-31T00:23:05.886106
48,sequence3,2,Wrong Button,3.0,3.0,3.0,0.5,0.5,0.3,1.0,,,,,0.14910967446208656,2025-08-31T00:23:06.088912
49,sequence3,2,Wrong Button,3.0,3.0,3.0,0.5,0.5,0.3,1.0,,,,,0.1608541708434831,2025-08-31T00:23:06.287649
50,sequence3,2,Wrong Button,3.0,3.0,3.0,0.5,0.5,0.3,1.0,,,,,0.15070189453556282,2025-08-31T00:23:06.486772
51,sequence3,2,Wrong Button,3.0,3.0,3.0,0.5,0.5,0.3,1.0,,,,,0.17574742405008595,2025-08-31T00:23:06.689574
52,sequence3,2,Wrong Button,3.0,3.0,3.0,0.5,0.5,0.3,1.0,,,,,0.11563053518957032,2025-08-31T00:23:06.888274
53,sequence3,2,Wrong Button,3.0,3.0,3.0,0.5,0.5,0.3,1.0,,,,,0.13310541348703026,2025-08-31T00:23:07.070127
54,sequence3,2,Wrong Button,3.0,3.0,3.0,0.5,0.5,0.3,1.0,,,,,0.1177683513592405,2025-08-31T00:23:07.251601
55,sequence3,2,Wrong Button,3.0,3.0,3.0,0.5,0.5,0.3,1.0,,,,,0.1312712344769007,2025-08-31T00:23:07.451964
56,sequence3,2,Wrong Button,3.0,3.0,3.0,0.5,0.5,0.3,1.0,,,,,0.13461998011121945,2025-08-31T00:23:07.652238
57,sequence3,2,Wrong Button,3.0,3.0,3.0,0.5,0.5,0.3,1.0,,,,,0.10602737503244986,2025-08-31T00:23:07.867663
58,sequence3,2,Wrong Button,3.0,3.0,3.0,0.5,0.5,0.3,1.0,,,,,0.11772539049180032,2025-08-31T00:23:08.080358
59,sequence3,2,Wrong Button,3.0,3.0,3.0,0.5,0.5,0.3,1.0,,,,,0.14116581970528036,2025-08-31T00:23:08.278599
60,sequence3,2,Wrong Button,3.0,3.0,3.0,0.5,0.5,0.3,1.0,,,,,0.1959953962665318,2025-08-31T00:23:08.671366
61,sequence3,2,Wrong Button,3.0,3.0,3.0,0.5,0.5,0.3,1.0,,,,,0.10940322241356719,2025-08-31T00:23:08.868825
62,sequence3,2,Wrong Button,3.0,3.0,3.0,0.5,0.5,0.3,1.0,,,,,0.16630638169258266,2025-08-31T00:23:09.084312
63,sequence3,2,Wrong Button,3.0,3.0,3.0,0.5,0.5,0.3,1.0,,,,,0.18093185100560671,2025-08-31T00:23:09.497155
64,sequence3,2,Wrong Button,3.0,3.0,3.0,0.5,0.5,0.3,1.0,,,,,0.1337292023550566,2025-08-31T00:23:09.692534
65,sequence3,2,Wrong Button,3.0,3.0,3.0,0.5,0.5,0.3,1.0,,,,,0.17160159771470174,2025-08-31T00:23:09.893292
66,sequence3,2,Wrong Button,3.0,3.0,3.0,0.5,0.5,0.3,1.0,,,,,0.19045856132055758,2025-08-31T00:23:10.111962
67,sequence3,2,Wrong Button,3.0,3.0,3.0,0.5,0.5,0.3,1.0,,,,,0.17385686060301098,2025-08-31T00:23:10.308380
68,sequence3,2,Wrong Button,3.0,3.0,3.0,0.5,0.5,0.3,1.0,,,,,0.10290956125757793,2025-08-31T00:23:10.504431
69,sequence3,2,Wrong Button,3.0,3.0,3.0,0.5,0.5,0.3,1.0,,,,,0.12088314142522673,2025-08-31T00:23:10.721176
70,sequence3,2,Wrong Button,3.0,3.0,3.0,0.5,0.5,0.3,1.0,,,,,0.11810758244188704,2025-08-31T00:23:10.918731
71,sequence3,2,Wrong Button,3.0,3.0,3.0,0.5,0.5,0.3,1.0,,,,,0.11477549717894969,2025-08-31T00:23:11.135810
72,sequence3,2,Wrong Button,3.0,3.0,3.0,0.5,0.5,0.3,1.0,,,,,0.1514455039211081,2025-08-31T00:23:11.349404
73,sequence3,2,Wrong Button,3.0,3.0,3.0,0.5,0.5,0.3,1.0,,,,,0.14234075173648303,2025-08-31T00:23:11.532692
74,sequence3,2,Wrong Button,3.0,3.0,3.0,0.5,0.5,0.3,1.0,,,,,0.1315475293008574,2025-08-31T00:23:11.730424
75,sequence3,2,Wrong Button,3.0,3.0,3.0,0.5,0.5,0.3,1.0,,,,,0.11151534503602162,2025-08-31T00:23:11.928547
76,sequence3,2,Wrong Button,3.0,3.0,3.0,0.5,0.5,0.3,1.0,,,,,0.1315828685861219,2025-08-31T00:23:12.141266
77,sequence3,2,Wrong Button,3.0,3.0,3.0,0.5,0.5,0.3,1.0,,,,,0.13046093464858496,2025-08-31T00:23:12.339873
78,sequence3,2,Wrong Button,3.0,3.0,3.0,0.5,0.5,0.3,1.0,,,,,0.11583209373491699,2025-08-31T00:23:12.551162
79,sequence3,2,Wrong Button,3.0,3.0,3.0,0.5,0.5,0.3,1.0,,,,,0.11156083064869003,2025-08-31T00:23:12.751660
80,sequence3,2,Wrong Button,3.0,3.0,3.0,0.5,0.5,0.3,1.0,,,,,0.15795019964552007,2025-08-31T00:23:12.949363
1,sequence3,2,Wrong Button,3.0,3.0,3.0,0.5,0.5,0.3,1.0,,,,,0.0,2025-08-31T00:25:12.689077
2,sequence3,2,Wrong Button,3.0,3.0,3.0,0.5,0.5,0.3,1.0,,,,,0.12942918234560796,2025-08-31T00:25:12.851161
3,sequence3,2,Wrong Button,3.0,3.0,3.0,0.5,0.5,0.3,1.0,,,,,0.1552582758121819,2025-08-31T00:25:13.163679
4,sequence3,2,Wrong Button,3.0,3.0,3.0,0.5,0.5,0.3,1.0,,,,,0.1488643975887235,2025-08-31T00:25:13.474254
5,sequence3,2,Wrong Button,3.0,3.0,3.0,0.5,0.5,0.3,1.0,,,,,0.19972871639770404,2025-08-31T00:25:13.757414
6,sequence3,2,Wrong Button,3.0,3.0,3.0,0.5,0.5,0.3,1.0,,,,,0.1055459739651673,2025-08-31T00:25:13.920250
7,sequence3,2,Wrong Button,3.0,3.0,3.0,0.5,0.5,0.3,1.0,,,,,0.1659190756716556,2025-08-31T00:25:14.117738
8,sequence3,2,Wrong Button,3.0,3.0,3.0,0.5,0.5,0.3,1.0,,,,,0.19150441063681561,2025-08-31T00:25:14.382683
9,sequence3,2,Wrong Button,3.0,3.0,3.0,0.5,0.5,0.3,1.0,,,,,0.17414582609308785,2025-08-31T00:25:14.578871
10,sequence3,2,Wrong Button,3.0,3.0,3.0,0.5,0.5,0.3,1.0,,,,,0.10641979646716307,2025-08-31T00:25:14.708692
11,sequence3,2,Wrong Button,3.0,3.0,3.0,0.5,0.5,0.3,1.0,,,,,0.16413779000842554,2025-08-31T00:25:14.921061
12,sequence3,2,Wrong Button,3.0,3.0,3.0,0.5,0.5,0.3,1.0,,,,,0.17896002751303478,2025-08-31T00:25:15.151902
13,sequence3,2,Wrong Button,3.0,3.0,3.0,0.5,0.5,0.3,1.0,,,,,0.12893634139068738,2025-08-31T00:25:15.367776
14,sequence3,2,Wrong Button,3.0,3.0,3.0,0.5,0.5,0.3,1.0,,,,,0.15641913945321217,2025-08-31T00:25:15.582354
15,sequence3,2,Wrong Button,3.0,3.0,3.0,0.5,0.5,0.3,1.0,,,,,0.1341801735507518,2025-08-31T00:25:15.796009
16,sequence3,2,Wrong Button,3.0,3.0,3.0,0.5,0.5,0.3,1.0,,,,,0.17177587318022108,2025-08-31T00:25:16.028348
17,sequence3,2,Wrong Button,3.0,3.0,3.0,0.5,0.5,0.3,1.0,,,,,0.1580647141256295,2025-08-31T00:25:16.309758
18,sequence3,2,Wrong Button,3.0,3.0,3.0,0.5,0.5,0.3,1.0,,,,,0.14457459114649016,2025-08-31T00:25:16.622711
19,sequence3,2,Wrong Button,3.0,3.0,3.0,0.5,0.5,0.3,1.0,,,,,0.12552884214972554,2025-08-31T00:25:16.805365
20,sequence3,2,Wrong Button,3.0,3.0,3.0,0.5,0.5,0.3,1.0,,,,,0.1712624800637626,2025-08-31T00:25:17.298912
21,sequence3,2,Wrong Button,3.0,3.0,3.0,0.5,0.5,0.3,1.0,,,,,0.16253393118701226,2025-08-31T00:25:17.482872
22,sequence3,2,Wrong Button,3.0,3.0,3.0,0.5,0.5,0.3,1.0,,,,,0.10066470860157906,2025-08-31T00:25:17.681030
23,sequence3,2,Wrong Button,3.0,3.0,3.0,0.5,0.5,0.3,1.0,,,,,0.16803319838225633,2025-08-31T00:25:18.209621
24,sequence3,2,Wrong Button,3.0,3.0,3.0,0.5,0.5,0.3,1.0,,,,,0.15713102297336146,2025-08-31T00:25:18.558161
25,sequence3,2,Wrong Button,3.0,3.0,3.0,0.5,0.5,0.3,1.0,,,,,0.12690809770541467,2025-08-31T00:25:18.741350
26,sequence3,2,Wrong Button,3.0,3.0,3.0,0.5,0.5,0.3,1.0,,,,,0.14406847468395528,2025-08-31T00:25:18.922938
27,sequence3,2,Wrong Button,3.0,3.0,3.0,0.5,0.5,0.3,1.0,,,,,0.14324132625463243,2025-08-31T00:25:19.088748
28,sequence3,2,Wrong Button,3.0,3.0,3.0,0.5,0.5,0.3,1.0,,,,,0.17802567252469587,2025-08-31T00:25:19.403009
29,sequence3,2,Wrong Button,3.0,3.0,3.0,0.5,0.5,0.3,1.0,,,,,0.1645778704265347,2025-08-31T00:25:19.601911
30,sequence3,2,Wrong Button,3.0,3.0,3.0,0.5,0.5,0.3,1.0,,,,,0.14700212670653545,2025-08-31T00:25:19.799909
31,sequence3,2,Wrong Button,3.0,3.0,3.0,0.5,0.5,0.3,1.0,,,,,0.10556136558943259,2025-08-31T00:25:19.931110
32,sequence3,2,Wrong Button,3.0,3.0,3.0,0.5,0.5,0.3,1.0,,,,,0.17435196608493372,2025-08-31T00:25:20.294412
33,sequence3,2,Wrong Button,3.0,3.0,3.0,0.5,0.5,0.3,1.0,,,,,0.16009131483141514,2025-08-31T00:25:20.495440
34,sequence3,2,Wrong Button,3.0,3.0,3.0,0.5,0.5,0.3,1.0,,,,,0.153512844676412,2025-08-31T00:25:20.836459
35,sequence3,2,Wrong Button,3.0,3.0,3.0,0.5,0.5,0.3,1.0,,,,,0.12312759301546564,2025-08-31T00:25:21.018323
36,sequence3,2,Wrong Button,3.0,3.0,3.0,0.5,0.5,0.3,1.0,,,,,0.16637910283573543,2025-08-31T00:25:21.370248
37,sequence3,2,Wrong Button,3.0,3.0,3.0,0.5,0.5,0.3,1.0,,,,,0.14461044198331025,2025-08-31T00:25:21.533764
38,sequence3,2,Wrong Button,3.0,3.0,3.0,0.5,0.5,0.3,1.0,,,,,0.13222930006850425,2025-08-31T00:25:21.701154
39,sequence3,2,Wrong Button,3.0,3.0,3.0,0.5,0.5,0.3,1.0,,,,,0.17597246104636396,2025-08-31T00:25:22.214574
40,sequence3,2,Wrong Button,3.0,3.0,3.0,0.5,0.5,0.3,1.0,,,,,0.11755148622302519,2025-08-31T00:25:22.379555
41,sequence3,2,Wrong Button,3.0,3.0,3.0,0.5,0.5,0.3,1.0,,,,,0.1391812750212156,2025-08-31T00:25:22.938988
42,sequence3,2,Wrong Button,3.0,3.0,3.0,0.5,0.5,0.3,1.0,,,,,0.15971282079018467,2025-08-31T00:25:23.151929
43,sequence3,2,Wrong Button,3.0,3.0,3.0,0.5,0.5,0.3,1.0,,,,,0.15154950094484482,2025-08-31T00:25:23.333930
44,sequence3,0,Correct,3.0,3.0,3.0,0.5,0.5,0.3,1.0,"12.810094199994637,13.431255599993165,14.039719699998386","12.891152999996848,13.515750599995954,14.106799299996055",,,0.1520569805479166,2025-08-31T00:25:25.589062
45,sequence3,2,Wrong Button,3.0,3.0,3.0,0.5,0.5,0.3,1.0,,,,,0.15995944843685375,2025-08-31T00:25:26.198149
46,sequence3,2,Wrong Button,3.0,3.0,3.0,0.5,0.5,0.3,1.0,,,,,0.11711230428940636,2025-08-31T00:25:26.476023
47,sequence3,2,Wrong Button,3.0,3.0,3.0,0.5,0.5,0.3,1.0,,,,,0.1573102887619524,2025-08-31T00:25:26.654748
48,sequence3,2,Wrong Button,3.0,3.0,3.0,0.5,0.5,0.3,1.0,,,,,0.12586315227785855,2025-08-31T00:25:26.834340
49,sequence3,2,Wrong Button,3.0,3.0,3.0,0.5,0.5,0.3,1.0,,,,,0.10060691179876212,2025-08-31T00:25:27.011247
50,sequence3,2,Wrong Button,3.0,3.0,3.0,0.5,0.5,0.3,1.0,,,,,0.1825678647708031,2025-08-31T00:25:27.354267
51,sequence3,2,Wrong Button,3.0,3.0,3.0,0.5,0.5,0.3,1.0,,,,,0.10789148279099815,2025-08-31T00:25:27.535280
52,sequence3,2,Wrong Button,3.0,3.0,3.0,0.5,0.5,0.3,1.0,,,,,0.17292586097973428,2025-08-31T00:25:27.729975
53,sequence3,4,Premature Press,3.0,3.0,3.0,0.5,0.5,0.3,1.0,16.772345899997163,16.867909699998563,,,0.17504247269033954,2025-08-31T00:25:28.134667
54,sequence3,4,Premature Press,3.0,3.0,3.0,0.5,0.5,0.3,1.0,17.113399999994726,17.225116999994498,,,0.10658691640051338,2025-08-31T00:25:28.459947
55,sequence3,4,Premature Press,3.0,3.0,3.0,0.5,0.5,0.3,1.0,17.521895199999562,17.603275399997074,,,0.17296234228329713,2025-08-31T00:25:28.869938
56,sequence3,2,Wrong Button,3.0,3.0,3.0,0.5,0.5,0.3,1.0,,,,,0.1887096279104053,2025-08-31T00:25:29.163301
57,sequence3,2,Wrong Button,3.0,3.0,3.0,0.5,0.5,0.3,1.0,,,,,0.1656204454587143,2025-08-31T00:25:29.688607
58,sequence3,2,Wrong Button,3.0,3.0,3.0,0.5,0.5,0.3,1.0,18.79707139999664,,,,0.14611533189677672,2025-08-31T00:25:30.015091
59,sequence3,2,Wrong Button,3.0,3.0,3.0,0.5,0.5,0.3,1.0,19.18770659999427,,,,0.18591320790751187,2025-08-31T00:25:30.420444
60,sequence3,2,Wrong Button,3.0,3.0,3.0,0.5,0.5,0.3,1.0,19.56633359999978,,,,0.1843465182605653,2025-08-31T00:25:30.801696
61,sequence3,2,Wrong Button,3.0,3.0,3.0,0.5,0.5,0.3,1.0,19.911054099997273,,,,0.12700343639897516,2025-08-31T00:25:31.144970
62,sequence3,2,Wrong Button,3.0,3.0,3.0,0.5,0.5,0.3,1.0,20.1745848999999,,,,0.14124384853929414,2025-08-31T00:25:31.441673
63,sequence3,4,Premature Press,3.0,3.0,3.0,0.5,0.5,0.3,1.0,20.45116479999706,20.565804199999548,,,0.142916753464554,2025-08-31T00:25:31.751168
64,sequence3,2,Wrong Button,3.0,3.0,3.0,0.5,0.5,0.3,1.0,,,,,0.14136453399910587,2025-08-31T00:25:32.012262
65,sequence3,4,Premature Press,3.0,3.0,3.0,0.5,0.5,0.3,1.0,20.974064799993357,21.089249899996503,,,0.10058456699190761,2025-08-31T00:25:32.306892
66,sequence3,2,Wrong Button,3.0,3.0,3.0,0.5,0.5,0.3,1.0,,,,,0.11070460404909266,2025-08-31T00:25:32.553633
67,sequence3,4,Premature Press,3.0,3.0,3.0,0.5,0.5,0.3,1.0,21.531259799994587,21.61347079999541,,,0.12187117051954519,2025-08-31T00:25:32.847793
68,sequence3,2,Wrong Button,3.0,3.0,3.0,0.5,0.5,0.3,1.0,,,,,0.19810377618656025,2025-08-31T00:25:33.076037
69,sequence3,2,Wrong Button,3.0,3.0,3.0,0.5,0.5,0.3,1.0,,,,,0.18014555625307604,2025-08-31T00:25:33.387006
70,sequence3,2,Wrong Button,3.0,3.0,3.0,0.5,0.5,0.3,1.0,,,,,0.19058524045366093,2025-08-31T00:25:34.011360
71,sequence3,4,Premature Press,3.0,3.0,3.0,0.5,0.5,0.3,1.0,22.971301899997343,23.101148199995805,,,0.11091746219553822,2025-08-31T00:25:34.303223
72,sequence3,2,Wrong Button,3.0,3.0,3.0,0.5,0.5,0.3,1.0,,,,,0.1179362609891104,2025-08-31T00:25:34.533069
73,sequence3,2,Wrong Button,3.0,3.0,3.0,0.5,0.5,0.3,1.0,23.821387399999367,,,,0.14017260010277122,2025-08-31T00:25:35.121238
74,sequence3,4,Premature Press,3.0,3.0,3.0,0.5,0.5,0.3,1.0,24.133130899994285,24.248047099994437,,,0.11692175789992507,2025-08-31T00:25:35.417086
75,sequence3,4,Premature Press,3.0,3.0,3.0,0.5,0.5,0.3,1.0,24.427245399994717,24.508731499998248,,,0.11670030441889101,2025-08-31T00:25:35.694282
76,sequence3,4,Premature Press,3.0,3.0,3.0,0.5,0.5,0.3,1.0,24.719253899995238,24.86724119999417,,,0.15618931407693504,2025-08-31T00:25:36.052203
77,sequence3,2,Wrong Button,3.0,3.0,3.0,0.5,0.5,0.3,1.0,25.487649499998952,,,,0.10921021248313442,2025-08-31T00:25:36.754597
78,sequence3,2,Wrong Button,3.0,3.0,3.0,0.5,0.5,0.3,1.0,26.159654699993553,,,,0.14292525230379366,2025-08-31T00:25:37.477198
79,sequence3,4,Premature Press,3.0,3.0,3.0,0.5,0.5,0.3,1.0,26.49137179999525,26.607346099997812,,,0.1276770705425491,2025-08-31T00:25:37.776388
80,sequence3,2,Wrong Button,3.0,3.0,3.0,0.5,0.5,0.3,1.0,,,,,0.16549040386507946,2025-08-31T00:25:38.073203
81,sequence3,4,Premature Press,3.0,3.0,3.0,0.5,0.5,0.3,1.0,27.24679059999471,27.328425199993944,,,0.14393779077385335,2025-08-31T00:25:38.530333
82,sequence3,4,Premature Press,3.0,3.0,3.0,0.5,0.5,0.3,1.0,28.292244199998095,28.389467799999693,,,0.16190618546241275,2025-08-31T00:25:39.575269
83,sequence3,4,Premature Press,3.0,3.0,3.0,0.5,0.5,0.3,1.0,28.60167929999443,28.731332099996507,,,0.16770125370054284,2025-08-31T00:25:39.916359
84,sequence3,2,Wrong Button,3.0,3.0,3.0,0.5,0.5,0.3,1.0,,,,,0.18957052206949662,2025-08-31T00:25:40.291575
85,sequence3,2,Wrong Button,3.0,3.0,3.0,0.5,0.5,0.3,1.0,,,,,0.1784377894487777,2025-08-31T00:25:40.534477
86,sequence3,2,Wrong Button,3.0,3.0,3.0,0.5,0.5,0.3,1.0,29.773538599998574,,,,0.1643763941576997,2025-08-31T00:25:41.042126
87,sequence3,4,Premature Press,3.0,3.0,3.0,0.5,0.5,0.3,1.0,30.052266099999542,30.13345560000016,,,0.15464445276955316,2025-08-31T00:25:41.334613
88,sequence3,4,Premature Press,3.0,3.0,3.0,0.5,0.5,0.3,1.0,30.32860969999456,30.458916799994768,,,0.12384920193019641,2025-08-31T00:25:41.627956
89,sequence3,4,Premature Press,3.0,3.0,3.0,0.5,0.5,0.3,1.0,30.687379799994233,30.802030799997738,,,0.15963497764716772,2025-08-31T00:25:41.971068
90,sequence3,4,Premature Press,3.0,3.0,3.0,0.5,0.5,0.3,1.0,31.68205069999385,31.811430999994627,,,0.16081826980079283,2025-08-31T00:25:42.980475
91,sequence3,4,Premature Press,3.0,3.0,3.0,0.5,0.5,0.3,1.0,32.3415121999933,32.47298549999687,,,0.12874902906362676,2025-08-31T00:25:43.658733
92,sequence3,2,Wrong Button,3.0,3.0,3.0,0.5,0.5,0.3,1.0,32.70147899999574,,,,0.15220286812504213,2025-08-31T00:25:44.032945
93,sequence3,2,Wrong Button,3.0,3.0,3.0,0.5,0.5,0.3,1.0,33.23584129999654,,,,0.18498661777497943,2025-08-31T00:25:44.469294
94,sequence3,2,Wrong Button,3.0,3.0,3.0,0.5,0.5,0.3,1.0,,,,,0.14875778582149124,2025-08-31T00:25:44.679064
95,sequence3,2,Wrong Button,3.0,3.0,3.0,0.5,0.5,0.3,1.0,,,,,0.10036286787274522,2025-08-31T00:25:44.942301
96,sequence3,2,Wrong Button,3.0,3.0,3.0,0.5,0.5,0.3,1.0,,,,,0.16091678280792643,2025-08-31T00:25:45.301358
97,sequence3,2,Wrong Button,3.0,3.0,3.0,0.5,0.5,0.3,1.0,,,,,0.16483421407067728,2025-08-31T00:25:45.708768
98,sequence3,2,Wrong Button,3.0,3.0,3.0,0.5,0.5,0.3,1.0,,,,,0.14630851693865554,2025-08-31T00:25:45.986062
99,sequence3,2,Wrong Button,3.0,3.0,3.0,0.5,0.5,0.3,1.0,,,,,0.14246046906385906,2025-08-31T00:25:46.347115
100,sequence3,2,Wrong Button,3.0,3.0,3.0,0.5,0.5,0.3,1.0,,,,,0.18493271856168306,2025-08-31T00:25:46.752802
101,sequence3,2,Wrong Button,3.0,3.0,3.0,0.5,0.5,0.3,1.0,35.95936829999846,,,,0.17262625357388411,2025-08-31T00:25:47.227433
102,sequence3,2,Wrong Button,3.0,3.0,3.0,0.5,0.5,0.3,1.0,36.35332689999632,,,,0.19723825597338343,2025-08-31T00:25:47.587545
103,sequence3,2,Wrong Button,3.0,3.0,3.0,0.5,0.5,0.3,1.0,36.69434309999633,,,,0.1049893882702076,2025-08-31T00:25:47.961648
104,sequence3,2,Wrong Button,3.0,3.0,3.0,0.5,0.5,0.3,1.0,37.0520211999974,,,,0.1990061250581472,2025-08-31T00:25:48.316646
105,sequence3,2,Wrong Button,3.0,3.0,3.0,0.5,0.5,0.3,1.0,37.39247189999878,,,,0.17137522748346912,2025-08-31T00:25:48.660793
106,sequence3,2,Wrong Button,3.0,3.0,3.0,0.5,0.5,0.3,1.0,37.70986989999801,,,,0.1473723122458487,2025-08-31T00:25:48.993008
107,sequence3,2,Wrong Button,3.0,3.0,3.0,0.5,0.5,0.3,1.0,38.32968179999443,,,,0.18978244286698287,2025-08-31T00:25:49.647596
108,sequence3,4,Premature Press,3.0,3.0,3.0,0.5,0.5,0.3,1.0,38.676235899998574,38.79073529999732,,,0.1402343955086447,2025-08-31T00:25:49.959780
109,sequence3,2,Wrong Button,3.0,3.0,3.0,0.5,0.5,0.3,1.0,39.31770759999927,,,,0.1971416610907103,2025-08-31T00:25:50.615809
110,sequence3,2,Wrong Button,3.0,3.0,3.0,0.5,0.5,0.3,1.0,39.679930899998,,,,0.1919658981813118,2025-08-31T00:25:50.962623
111,sequence3,2,Wrong Button,3.0,3.0,3.0,0.5,0.5,0.3,1.0,,,,,0.10747388271120789,2025-08-31T00:25:51.323465
112,sequence3,2,Wrong Button,3.0,3.0,3.0,0.5,0.5,0.3,1.0,,,,,0.10349184296928049,2025-08-31T00:25:55.422451
113,sequence3,3,Hold Too Long,3.0,3.0,3.0,0.5,0.5,0.3,1.0,45.24824939999962,,,,0.10785647676354687,2025-08-31T00:25:57.432503
114,sequence3,2,Wrong Button,3.0,3.0,3.0,0.5,0.5,0.3,1.0,50.27013849999639,,,,0.11806406687744986,2025-08-31T00:26:01.488311
115,sequence3,2,Wrong Button,3.0,3.0,3.0,0.5,0.5,0.3,1.0,50.64513799999986,,,,0.1950084392563197,2025-08-31T00:26:01.896121
116,sequence3,2,Wrong Button,3.0,3.0,3.0,0.5,0.5,0.3,1.0,,,,,0.17496010743902077,2025-08-31T00:26:02.587251
117,sequence3,2,Wrong Button,3.0,3.0,3.0,0.5,0.5,0.3,1.0,,,,,0.14970427658886,2025-08-31T00:26:02.837209
118,sequence3,4,Premature Press,3.0,3.0,3.0,0.5,0.5,0.3,1.0,51.96289409999736,52.042871300000115,,,0.11223257540491768,2025-08-31T00:26:03.292881
119,sequence3,4,Premature Press,3.0,3.0,3.0,0.5,0.5,0.3,1.0,54.051004099994316,54.18138109999563,,,0.1401772423249823,2025-08-31T00:26:05.479651
120,sequence3,2,Wrong Button,3.0,3.0,3.0,0.5,0.5,0.3,1.0,55.38340999999491,,,,0.18071212183012683,2025-08-31T00:26:06.669599
1,sequence3,0,Correct,3.0,3.0,3.0,0.5,0.5,0.3,1.0,"0.36710750000000303,1.7964551000000029,2.7045472000000004","0.5154221000000021,1.927418099999997,2.8066146999999972",,,0.0,2025-08-31T10:22:32.621908
2,sequence3,0,Correct,3.0,3.0,3.0,0.5,0.5,0.3,1.0,"5.3486667000000025,6.3389463999999975,7.184827399999996","5.497532300000003,6.4369919999999965,7.315375000000003",,,1.8080143103792885,2025-08-31T10:22:37.134583
3,sequence3,2,Wrong Button,3.0,3.0,3.0,0.5,0.5,0.3,1.0,9.439165199999998,9.634820900000001,,,1.2257456703011145,2025-08-31T10:22:39.918175
1,shaping1,0,Correct,3.0,3.0,3.0,0.5,0.5,0.3,1.0,1.747722699999997,1.881678700000009,,,2.2045027752439235,2025-08-31T10:23:51.646927
2,shaping1,0,Correct,3.0,3.0,3.0,0.5,0.5,0.3,1.0,4.425986399999999,4.526445300000006,,,1.646639142856971,2025-08-31T10:23:54.288848
3,shaping1,0,Correct,3.0,3.0,3.0,0.5,0.5,0.3,1.0,6.967442900000009,7.0687366000000225,,,1.3536860802880901,2025-08-31T10:23:56.828773
4,shaping1,0,Correct,3.0,3.0,3.0,0.5,0.5,0.3,1.0,9.766153800000012,9.89816350000001,,,1.7611845612238737,2025-08-31T10:23:59.664043
1,sequence3,1,No Press,3.0,3.0,3.0,0.5,0.5,0.3,1.0,,,,,0.0,2025-08-31T11:37:14.136925
2,sequence3,2,Wrong Button,3.0,3.0,3.0,0.5,0.5,0.3,1.0,5.251599199999873,,,,2.1643270184049714,2025-08-31T11:37:16.419978
3,sequence3,4,Premature Press,3.0,3.0,3.0,0.5,0.5,0.3,1.0,9.630727300000217,9.764326299999993,,,2.8719907770925355,2025-08-31T11:37:21.312070
4,sequence3,0,Correct,3.0,3.0,3.0,0.5,0.5,0.3,1.0,"12.611184200000025,13.825359999999819,14.830222700000377","12.72517229999994,13.953757000000223,14.945078200000353",,,2.134862408261284,2025-08-31T11:37:26.394570
5,sequence3,0,Correct,3.0,3.0,3.0,0.5,0.5,0.3,1.0,"17.440462700000353,18.438673800000288,19.403892700000142","17.573561000000154,18.585140900000624,19.500823200000013",,,1.616089007383429,2025-08-31T11:37:30.949304
6,sequence3,0,Correct,3.0,3.0,3.0,0.5,0.5,0.3,1.0,"21.610608300000422,22.88245790000019,24.0804205000004","21.727679399999943,23.031297300000006,24.209899000000405",,,1.529600054491544,2025-08-31T11:37:35.656469
7,sequence3,2,Wrong Button,3.0,3.0,3.0,0.5,0.5,0.3,1.0,26.85733960000016,26.98846659999981,,,1.9319289198390361,2025-08-31T11:37:39.114152
8,sequence3,2,Wrong Button,3.0,3.0,3.0,0.5,0.5,0.3,1.0,,,,,2.0528305881469415,2025-08-31T11:37:42.287474
1,sequence3,0,Correct,3.0,3.0,3.0,0.5,0.5,0.3,1.0,"0.9637953000001289,1.8632812000005288,2.726610400000027","1.0456709000000046,1.9762860000000728,2.823579100000643",,,0.0,2025-08-31T11:38:02.310938
2,sequence3,2,Wrong Button,3.0,3.0,3.0,0.5,0.5,0.3,1.0,4.821509000000333,4.935664200000247,,,1.3996807965958284,2025-08-31T11:38:05.224171
3,sequence3,2,Wrong Button,3.0,3.0,3.0,0.5,0.5,0.3,1.0,9.572715700000117,9.702693000000181,,,2.958737779783444,2025-08-31T11:38:09.532270
4,sequence3,4,Premature Press,3.0,3.0,3.0,0.5,0.5,0.3,1.0,13.631202600000506,13.729189900000165,,,2.9842898623096916,2025-08-31T11:38:13.169897
5,sequence3,0,Correct,3.0,3.0,3.0,0.5,0.5,0.3,1.0,"16.5995997,17.53890120000051,18.36425970000073","16.69722880000063,17.671431600000687,18.46068380000088",,,2.0257978065990225,2025-08-31T11:38:17.945506
6,sequence3,0,Correct,3.0,3.0,3.0,0.5,0.5,0.3,1.0,"21.033316000000013,21.944786000000022,22.820370600000388","21.14982710000004,22.026647700000467,22.90330030000041",,,1.8484530540195343,2025-08-31T11:38:22.393940
7,sequence3,0,Correct,3.0,3.0,3.0,0.5,0.5,0.3,1.0,"25.31036260000019,26.349586799999997,27.307877800000824","25.408791800000472,26.479661500000475,27.37535360000038",,,1.7026505269121335,2025-08-31T11:38:26.854112
8,sequence3,0,Correct,3.0,3.0,3.0,0.5,0.5,0.3,1.0,"29.83565920000001,30.729195100000652,31.517937800000254","29.93266120000044,30.843199700000696,31.617727100000593",,,1.801331180133378,2025-08-31T11:38:31.105262
9,sequence3,0,Correct,3.0,3.0,3.0,0.5,0.5,0.3,1.0,"33.63330770000084,34.555208500000845,35.28676160000032","33.73352630000045,34.63749590000043,35.36849020000045",,,1.276287155168495,2025-08-31T11:38:34.854253
10,sequence3,0,Correct,3.0,3.0,3.0,0.5,0.5,0.3,1.0,"37.920972700000675,38.73153490000004,39.53335360000074","38.00096280000071,38.828112500000316,39.599402900000314",,,1.8897251715953822,2025-08-31T11:38:39.085034
11,sequence3,0,Correct,3.0,3.0,3.0,0.5,0.5,0.3,1.0,"41.499188000000686,42.362371400000484,43.19471470000008","41.61272860000008,42.5076454,43.338413700000274",,,1.1549219584172974,2025-08-31T11:38:42.824690
12,sequence3,0,Correct,3.0,3.0,3.0,0.5,0.5,0.3,1.0,"45.565126800000144,46.48759400000017,47.37893080000049","45.69357990000026,46.58494510000037,47.54268050000064",,,1.652509685280208,2025-08-31T11:38:47.029354
13,sequence3,0,Correct,3.0,3.0,3.0,0.5,0.5,0.3,1.0,"49.663056100000176,50.684389300000475,51.569404900000336","49.7758074000003,50.815381100000195,51.681457700000465",,,1.0815272615052747,2025-08-31T11:38:51.160434
14,sequence3,4,Premature Press,3.0,3.0,3.0,0.5,0.5,0.3,1.0,54.75444850000076,54.83483790000082,,,1.4360539307162492,2025-08-31T11:38:54.235840
